{"cameraMode":{"drawMode":0,"name":"Shaded","section":"Shading Mode"},"sceneLighting":true,"audioPlay":false,"sceneViewState":{"m_AlwaysRefresh":false,"showFog":true,"showSkybox":true,"showFlares":true,"showImageEffects":true,"showParticleSystems":true,"showVisualEffectGraphs":true,"m_FxEnabled":true},"in2DMode":false,"pivot":{"x":-9.55929946899414,"y":2.5876095294952394,"z":-2.3232860565185549},"rotation":{"x":0.06288991868495941,"y":0.04639072343707085,"z":-0.0029277573339641096,"w":0.9969313144683838},"size":2.7247447967529299,"orthographic":false}