{"cameraMode":{"drawMode":0,"name":"Shaded","section":"Shading Mode"},"sceneLighting":true,"audioPlay":false,"sceneViewState":{"m_AlwaysRefresh":false,"showFog":true,"showSkybox":true,"showFlares":true,"showImageEffects":true,"showParticleSystems":true,"showVisualEffectGraphs":true,"m_FxEnabled":true},"in2DMode":false,"pivot":{"x":-13.327292442321778,"y":-10.554092407226563,"z":-15.20981216430664},"rotation":{"x":0.2522469758987427,"y":-0.045061543583869937,"z":0.011412883177399636,"w":0.966378390789032},"size":6.779029369354248,"orthographic":false}