{"cameraMode":{"drawMode":0,"name":"Shaded","section":"Shading Mode"},"sceneLighting":true,"audioPlay":false,"sceneViewState":{"m_AlwaysRefresh":false,"showFog":true,"showSkybox":true,"showFlares":true,"showImageEffects":true,"showParticleSystems":true,"showVisualEffectGraphs":true,"m_FxEnabled":true},"in2DMode":false,"pivot":{"x":11.967167854309082,"y":-0.7190456390380859,"z":54.17048645019531},"rotation":{"x":0.043657220900058749,"y":0.0718422457575798,"z":-0.0034149230923503639,"w":0.9963299632072449},"size":37.848140716552737,"orthographic":false}