{"cameraMode":{"drawMode":0,"name":"Shaded","section":"Shading Mode"},"sceneLighting":true,"audioPlay":false,"sceneViewState":{"m_AlwaysRefresh":false,"showFog":true,"showSkybox":true,"showFlares":true,"showImageEffects":true,"showParticleSystems":true,"showVisualEffectGraphs":true,"m_FxEnabled":true},"in2DMode":false,"pivot":{"x":-1.806715726852417,"y":-39.69310760498047,"z":67.65972137451172},"rotation":{"x":0.23331032693386079,"y":-0.008752734400331974,"z":0.002090542810037732,"w":0.9723192453384399},"size":56.75221633911133,"orthographic":false}